tweet_id,safe_text,label,agreement,label_idx,text,pred,conf,wrong,n_tok,agreement_bin,length_bin,has_hashtag,has_negation,has_url
2LNRNW99,<user> no immunity?  No schools other than hone-school.,1.0,0.6666666666666666,2,@USER no immunity? No schools other than hone-school.,1,0.9855642,True,14,<1.0 (split),Q1 short,False,True,False
50DH1ELM,"After the news of a #BART passenger possibly spreading Measles, riding public transit feels like an episode of The Walking Dead.",1.0,0.6666666666666666,2,"After the news of a #BART passenger possibly spreading Measles, riding public transit feels like an episode of The Walking Dead.",1,0.9821441,True,27,<1.0 (split),Q3,True,False,False
SPWISA4L,Large measles outbreak traced to Disneyland is declared over: California health authorities on Friday declared an… <url>,-1.0,0.3333333333333333,0,Large measles outbreak traced to Disneyland is declared over: California health authorities on Friday declared an… HTTPURL,1,0.9814377,True,21,<1.0 (split),Q2,False,False,True
KBIHLUFF,FDA Commissioner says measles outbreak 'alarming' <url> #WASHINGTON #UnitedStates <url>,-1.0,0.3333333333333333,0,FDA Commissioner says measles outbreak 'alarming' HTTPURL #WASHINGTON #UnitedStates HTTPURL,1,0.9813812,True,17,<1.0 (split),Q1 short,True,False,True
VJNFPXUV,<user> <user> Grocery store Hou. TX. 5 yr. old alien dotted with measles-he or mom doesn't understand me/nobody cares!,1.0,0.6666666666666666,2,@USER @USER Grocery store Hou. TX. 5 yr. old alien dotted with measles-he or mom doesn't understand me/nobody cares!,1,0.98122495,True,33,<1.0 (split),Q4 long,False,True,False
Y86926SI,"SB30 [Update] In child protective services, further providing for definitions, for immunity from liability, for e... <url>",-1.0,0.3333333333333333,0,"SB30 [Update] In child protective services, further providing for definitions, for immunity from liability, for e... HTTPURL",1,0.9804834,True,26,<1.0 (split),Q3,False,False,True
LGAPA743,"Warning about possible measles exposure in Seattle, Kirkland, Mercer Island: SEATTLE — Public health officials on... <url>",1.0,0.6666666666666666,2,"Warning about possible measles exposure in Seattle, Kirkland, Mercer Island: SEATTLE — Public health officials on... HTTPURL",1,0.9803587,True,25,<1.0 (split),Q2,False,False,True
U5ALHOBN,“<user> what's life without the risks.”👌💯,-1.0,0.6666666666666666,0,“@USER what's life without the risks.”👌💯,1,0.98017406,True,14,<1.0 (split),Q1 short,False,False,False
DZWTVPSH,Who wants a shot of autism juice...I mean measles vaccine!? #ThingsMyDoctorSays <user>,-1.0,1.0,0,Who wants a shot of autism juice...I mean measles vaccine!? #ThingsMyDoctorSays @USER,1,0.9801569,True,22,1.0 (unanimous),Q2,True,False,False
JSYUBMYQ,<user> #GOP STOP blaming #Immigrants first #Ebola now #measles Which diseases?brought their ancestors? #AINF <url>,1.0,0.6666666666666666,2,@USER #GOP STOP blaming #Immigrants first #Ebola now #measles Which diseases?brought their ancestors? #AINF HTTPURL,1,0.979977,True,27,<1.0 (split),Q3,True,False,True
LNA7G7AF,<user> #GOP STOP blaming #Immigrants first #Ebola now #measles Which diseases?brought their ancestors? #AINF <url>,1.0,0.6666666666666666,2,@USER #GOP STOP blaming #Immigrants first #Ebola now #measles Which diseases?brought their ancestors? #AINF HTTPURL,1,0.979977,True,27,<1.0 (split),Q3,True,False,True
0J229Z39,“<user> Lololololol RT <user> He eat ass but don't want health vaccinations 😭😂😂😂😂” 😂😂😂😂😂😂,1.0,1.0,2,“@USER Lololololol RT @USER He eat ass but don't want health vaccinations 😭😂😂😂😂” 😂😂😂😂😂😂,1,0.979621,True,26,1.0 (unanimous),Q3,False,True,False
H5TERFQJ,OH: “I wonder how many of these kids are vaccinated.”,1.0,0.6666666666666666,2,OH: “I wonder how many of these kids are vaccinated.”,1,0.97932714,True,16,<1.0 (split),Q1 short,False,False,False
1NHHRL0A,"Points to danger of foregoing vaccines RT <user> 9 children, 7 adults test positive for measles in NYC outbreak <url>",0.0,0.6666666666666666,1,"Points to danger of foregoing vaccines RT @USER 9 children, 7 adults test positive for measles in NYC outbreak HTTPURL",2,0.9790421,True,24,<1.0 (split),Q2,False,False,True
1OO47PGW,"EBOLA VACCINE, HIV VACCINE, BLACK PLAGUE BLACK DEATH VACCINE, YERSINIA PESTIS VACCINE #VACCINES YOU CAN TRUST ! <url>",1.0,0.6666666666666666,2,"EBOLA VACCINE, HIV VACCINE, BLACK PLAGUE BLACK DEATH VACCINE, YERSINIA PESTIS VACCINE #VACCINES YOU CAN TRUST ! HTTPURL",1,0.9790404,True,41,<1.0 (split),Q4 long,True,False,True
