exp,model,lr,class_weighted,agreement_weighted,seed,epochs_run,best_epoch,params_M,train_min,note,val_accuracy,val_macro_precision,val_macro_recall,val_macro_f1,val_neg_recall,val_neg_f1,val_neu_f1,val_pos_f1,val_mcc,val_roc_auc_macro,val_rmse_score,test_accuracy,test_macro_precision,test_macro_recall,test_macro_f1,test_neg_recall,test_neg_f1,test_neu_f1,test_pos_f1,test_mcc,test_roc_auc_macro,test_rmse_score
T1,Scratch Transformer,0.0005,False,False,42,7,4,4.178563,0.295916748046875,no pre-training,0.704,0.6292523758478766,0.5828669884018854,0.5910936140531129,0.22435897435897437,0.2966101694915254,0.7748391708363116,0.7018315018315018,0.49002763621206097,0.8160569734615599,0.6083742785084004,0.7253333333333334,0.6672084595703733,0.620870738719709,0.6320398638220016,0.3076923076923077,0.384,0.7821710999281093,0.7299484915378955,0.5298651495499321,0.8400685656016846,0.5834764312962202
T2,distilbert-base-uncased,3e-05,False,False,42,5,4,66.955779,4.618255766232808,general-domain pre-training,0.7566666666666667,0.6883604706426083,0.6738317539947974,0.6798405357075655,0.4358974358974359,0.4689655172413793,0.8159889731219848,0.7545671167593329,0.5817472085650508,0.8687018547064929,0.5750048918649954,0.7653333333333333,0.6992370608398447,0.6872176260048114,0.6922327826777973,0.46153846153846156,0.4897959183673469,0.8196268140981341,0.767275615567911,0.5973973121547376,0.8849584844316097,0.5458300579106774
T3,bertweet-base,2e-05,False,False,42,5,5,134.902275,9.31156755288442,Twitter-domain pre-training,0.7993333333333333,0.7465467327308316,0.7366544671321559,0.7404917025072328,0.5512820512820513,0.5752508361204013,0.8405594405594405,0.8056648308418568,0.6575839133050457,0.8986620715648788,0.5276750998480589,0.7973333333333333,0.7658084407355563,0.743080003520507,0.7512164816057555,0.5769230769230769,0.6228373702422145,0.8298932384341637,0.8009188361408882,0.6558582077298097,0.9088708837859852,0.51397598884887
T4,bertweet-base,2e-05,True,False,42,5,3,134.902275,17.363930980364483,+ class-weighted CE,0.8,0.7545030223860644,0.7257341723874905,0.7354332822417929,0.5,0.5571428571428572,0.8376068376068376,0.8115501519756839,0.6600888912520477,0.907255291796738,0.5111415275141662,0.7993333333333333,0.7666726467294236,0.7331284593870406,0.744799962764851,0.532051282051282,0.5949820788530465,0.8382038488952245,0.8012139605462822,0.6590076138056353,0.9129228374779372,0.5054969122679697
T5,bertweet-base,2e-05,True,True,42,5,5,134.902275,9.565746029218039,+ class & agreement weights,0.7953333333333333,0.740961686697528,0.7429284261378083,0.7402081883368448,0.5833333333333334,0.5814696485623003,0.836676217765043,0.8024786986831913,0.6551411286361073,0.9024329460134055,0.5378516637055849,0.7893333333333333,0.7482471990918246,0.7583911527704434,0.751088715131483,0.6602564102564102,0.639751552795031,0.8231046931407943,0.7904098994586234,0.6469198965464898,0.911921656995399,0.5246416433926667
T6-lr1e-05,bertweet-base,1e-05,False,False,42,5,4,134.902275,9.494427466392517,LR sweep 1e-05,0.7893333333333333,0.7301320469329345,0.7142295712804866,0.7204037585067198,0.4935897435897436,0.5292096219931272,0.8385744234800838,0.7934272300469484,0.6396507474382654,0.8964497873473855,0.5222110065789146,0.7966666666666666,0.746454315684172,0.7340800964227738,0.739057654674546,0.5512820512820513,0.5791245791245792,0.8449720670391061,0.7930763178599528,0.6526757407104578,0.900529189179787,0.5100943591120225
T6-lr3e-05,bertweet-base,3e-05,False,False,42,4,2,134.902275,7.628276097774505,LR sweep 3e-05,0.7953333333333333,0.7501564225248436,0.7171309335210937,0.7280293539243446,0.4807692307692308,0.5434782608695652,0.8394004282655246,0.8012093726379441,0.6521855775519536,0.9051858762777805,0.5068210048202755,0.8006666666666666,0.7598950843523701,0.7385137348667098,0.7462500358471456,0.5512820512820513,0.5951557093425606,0.8411347517730496,0.8024596464258262,0.6610501648672763,0.9151217181496664,0.49035880003354315
T6-lr5e-05,bertweet-base,5e-05,False,False,42,5,4,134.902275,9.358158548672995,LR sweep 5e-05,0.7913333333333333,0.7326469621174757,0.7311243374601498,0.7309621978104571,0.5512820512820513,0.5584415584415584,0.8309859154929577,0.8034591194968553,0.6455230294929055,0.8911758583207742,0.543906921564157,0.7906666666666666,0.7526953275609617,0.7526568825910931,0.7507785861792406,0.6346153846153846,0.6366559485530546,0.8255563531945441,0.7901234567901234,0.6473428225039748,0.9016609807350426,0.5317173746570548
T7-seed7,bertweet-base,2e-05,False,False,7,5,5,134.902275,9.507591346899668,"final config, seed rerun",0.792,0.7373188589080778,0.7258582458096189,0.7305319823566435,0.532051282051282,0.5589225589225589,0.8364648573416841,0.7962085308056872,0.6442670306929544,0.894206701054212,0.5308935508926044,0.7853333333333333,0.7364434776704044,0.726190126933834,0.7300400730809041,0.5512820512820513,0.5752508361204013,0.8286516853932584,0.7862176977290525,0.6340753233695456,0.906439579034647,0.530237553622588
T7-seed2024,bertweet-base,2e-05,False,False,2024,5,5,134.902275,9.404160885016124,"final config, seed rerun",0.7913333333333333,0.7267240382442962,0.7213072571339162,0.722695808111045,0.5128205128205128,0.528052805280528,0.8381625441696113,0.8018720748829953,0.645534896713132,0.8947281249627738,0.5337361540877039,0.784,0.7300567239736472,0.7219166226603297,0.7246953547098895,0.5384615384615384,0.5581395348837209,0.8315715292459479,0.784375,0.6324202344726707,0.9022403531744949,0.531251033273877
